/*
INSERT INTO User (user_ID, name) VALUES
    (101112, 'Miles'),
    (107624, 'Carl'),
    (113474, 'Ted'),
    (144818, 'John'),
    (131123, 'Megan'),
    (155972, 'Jennifer'),
    (122899, 'Ava'),
    (104011, 'Sarah');

*/
INSERT INTO Weight (date_logged, user_ID, user_weight) VALUES
    ("2020-01-05 04:27:51", 101112, 195),
    ("2020-02-26 19:34:07", 101112, 195),
    ("2020-03-11 18:28:38", 101112, 196),
    ("2020-04-10 16:53:33", 107624, 241),
    ("2020-04-01 14:32:44", 107624, 241),
    ("2020-02-14 11:32:11", 107624, 241),
    ("2020-01-13 07:12:57", 113474, 186),
    ("2020-03-19 12:12:53", 113474, 180),
    ("2020-04-02 07:44:32", 113474, 181),
    ("2020-04-19 17:09:30", 113474, 180),
    ("2020-03-21 11:40:26", 144818, 164),
    ("2020-02-15 06:35:49", 144818, 165),
    ("2020-04-19 15:39:57", 144818, 167),
    ("2020-03-26 19:34:34", 144818, 161),
    ("2020-01-09 19:51:16", 144818, 161),
    ("2020-04-07 08:51:36", 131123, 131),
    ("2020-01-01 12:22:33", 131123, 129),
    ("2020-04-06 07:55:06", 131123, 126),
    ("2020-04-05 18:37:00", 131123, 123),
    ("2020-03-12 05:24:39", 155972, 114),
    ("2020-01-15 10:47:56", 155972, 113),
    ("2020-03-28 07:13:59", 122899, 108),
    ("2020-04-18 18:37:36", 122899, 108),
    ("2020-02-12 04:46:27", 122899, 110),
    ("2020-04-08 12:19:37", 122899, 112),
    ("2020-01-19 11:22:18", 122899, 107),
    ("2020-04-03 07:01:15", 122899, 108),
    ("2020-04-06 17:24:33", 122899, 107),
    ("2020-03-20 10:20:43", 122899, 109),
    ("2020-03-07 06:51:32", 122899, 110),
    ("2020-02-14 14:56:14", 122899, 109),
    ("2020-01-30 15:13:46", 104011, 152),
    ("2020-02-12 06:43:16", 104011, 152);


INSERT INTO Workout (date_completed, user_ID, type, duration, intensity) VALUES
    ("2020-01-01 04:41:57", 101112, "Squats", 26, "Moderate"),
    ("2020-01-20 09:03:55", 101112, "Treadmill", 23, "Moderate"),
    ("2020-02-02 17:55:42", 101112, "Squats", 32, "Light"),
    ("2020-03-03 19:32:36", 101112, "Calf Raises", 22, "Moderate"),
    ("2020-01-04 14:39:09", 107624, "Treadmill", 35, "Light"),
    ("2020-01-08 09:29:43", 113474, "Treadmill", 12, "Vigorous"),
    ("2020-02-22 11:17:06", 113474, "Bench-Press", 15, "Vigorous"),
    ("2020-03-07 11:48:48", 113474, "Squats", 26, "Moderate"),
    ("2020-03-16 06:28:59", 113474, "Bicycle", 38, "Light"),
    ("2020-01-14 00:35:03", 144818, "Calf Raises", 18, "Vigorous"),
    ("2020-02-25 14:23:29", 144818, "Pushups", 23, "Moderate"),
    ("2020-03-05 06:58:16", 144818, "Treadmills", 11, "Vigorous"),
    ("2020-03-19 09:43:23", 144818, "Pushups", 27, "Moderate"),
    ("2020-04-18 19:37:10", 144818, "Planks", 20, "Vigorous"),
    ("2020-01-16 06:44:04", 131123, "Squats", 33, "Light"),
    ("2020-04-01 21:21:08", 131123, "Squats", 21, "Moderate"),
    ("2020-01-12 19:10:37", 155972, "Treadmill", 51, "Light"),
    ("2020-02-03 06:28:18", 155972, "Squats", 25, "Vigorous"),
    ("2020-03-09 18:44:22", 155972, "Pushups", 21, "Vigorous"),
    ("2020-01-21 00:16:42", 122899, "Deadlifts", 29, "Moderate"),
    ("2020-01-24 14:39:21", 122899, "Power Cleans", 11, "Vigorous"),
    ("2020-02-07 20:24:39", 122899, "Curls", 26, "Moderate"),
    ("2020-03-13 20:48:53", 122899, "Bicycle", 27, "Moderate"),
    ("2020-04-05 00:07:37", 122899, "Squats", 23, "Light"),
    ("2020-01-23 14:51:27", 104011, "Treadmill", 20, "Light");
/*

INSERT INTO FoodBeverage (item_name, serving_size, calories) VALUES
    ("Apple", 76, 72),
    ("Rice, White", 196, 205),
    ("Coca-Cola", 394, 136),
    ("Spaghetti", 200, 221),
    ("Chicken Breast", 114, 142),
    ("Ground Beef", 114, 193),
    ("Beer", 340, 153),
    ("Pizza", 170, 298),
    ("Doughnut", 28, 289),
    ("Carrots", 70, 52);
*/
INSERT INTO Eats (date_consumed, user_ID, item_name, num_of_servings) VALUES
    ("2020-01-01 04:41:57", 101112, "Apple", 1),
    ("2020-01-08 09:29:43", 122899, "Rice, White", 2),
    ("2020-04-18 19:37:10", 107624, "Doughnut", 2),
    ("2020-03-09 18:44:22", 107624, "Coca-Cola", 6),
    ("2020-01-23 14:51:27", 107624, "Pizza", 4),
    ("2020-02-03 06:28:18", 131123, "Spaghetti", 1),
    ("2020-02-07 20:24:39", 104011, "Chicken Breast", 1);
/*
INSERT INTO Nutrients (nutrient_name, recommended_daily, macro_micro) VALUES
    ("Protein", 54000.0, "Macro"),
    ("Fat", 46000.0, "Macro"),
    ("Sugars", 28000.0, "Macro"),
    ("Fiber", 26000.0, "Macro"),
    ("Cholesterol", 300.0, "Macro"),
    ("Sodium", 2300.0, "Macro"),
    ("Iron", 18.0, "Micro"),
    ("Calcium", 1300.0, "Macro"),
    ("Potassium", 4700.0, "Macro"),
    ("Caffeine", 0.0, "Micro"),
    ("Magnesium", 420.0, "Micro"),
    ("Zinc", 12.0, "Micro"),
    ("Riboflavin", 2.0, "Micro"),
    ("Vitamin A", 1000.0, "Micro"),
    ("Vitamin B-6", 2.0, "Micro"),
    ("Vitamin C", 100.0, "Micro"),
    ("Vitamin E", 15.0, "Micro");

INSERT INTO NutritionalInfo (nutrient_name, item_name, nutrient_amount) VALUES
    ("Protein", "Chicken Breast", 43000),
    ("Fat", "Chicken Breast", 5000),
    ("Fat", "Apple", 0),
    ("Cholesterol", "Apple", 0),
    ("Fiber", "Apple", 4000),
    ("Sugars", "Apple", 19000),
    ("Protein", "Apple", 0),
    ("Fat", "Rice, White", 900),
    ("Cholesterol", "Rice, White", 0),
    ("Fiber", "Rice, White", 900),
    ("Iron", "Rice, White", 1.44),
    ("Zinc", "Rice, White", 0.24),
    ("Protein", "Rice, White", 2900),
    ("Fat", "Coca-cola", 0),
    ("Sodium", "Coca-cola", 45),
    ("Sugars", "Coca-cola", 39000),
    ("Cholesterol", "Coca-cola", 0),
    ("Protein", "Coca-cola", 0),
    ("Caffeine", "Coca-cola", 39);
*/
